{"stats":{"minecraft:custom":{"minecraft:interact_with_furnace":19,"minecraft:mob_kills":35,"minecraft:interact_with_crafting_table":13,"minecraft:time_since_death":54238,"minecraft:sleep_in_bed":4,"minecraft:time_since_rest":6222,"minecraft:sprint_one_cm":272902,"minecraft:damage_taken":1001,"minecraft:walk_one_cm":144469,"minecraft:damage_blocked_by_shield":1260,"minecraft:drop":5,"minecraft:damage_dealt":4545,"minecraft:swim_one_cm":18943,"minecraft:fly_one_cm":251650,"minecraft:open_chest":13,"minecraft:crouch_one_cm":4658,"minecraft:play_time":54238,"minecraft:sneak_time":3213,"minecraft:walk_under_water_one_cm":5057,"minecraft:boat_one_cm":61725,"minecraft:jump":1140,"minecraft:walk_on_water_one_cm":21419,"minecraft:total_world_time":54238,"minecraft:fall_one_cm":27796},"minecraft:mined":{"minecraft:white_bed":4,"minecraft:dark_oak_leaves":2,"minecraft:basalt":11,"minecraft:crafting_table":4,"minecraft:grass_block":20,"minecraft:cobblestone":24,"minecraft:sugar_cane":21,"minecraft:birch_planks":3,"minecraft:furnace":3,"minecraft:iron_ore":20,"minecraft:birch_leaves":1,"minecraft:light_gray_wool":4,"minecraft:bookshelf":12,"minecraft:grass":9,"minecraft:coal_ore":38,"minecraft:pointed_dripstone":7,"minecraft:oak_log":12,"minecraft:dirt":8,"minecraft:dripstone_block":1,"minecraft:stone":24,"minecraft:oak_leaves":11},"minecraft:picked_up":{"minecraft:crafting_table":5,"minecraft:basalt":11,"minecraft:leather":7,"minecraft:oak_log":12,"minecraft:gunpowder":1,"minecraft:dirt":28,"minecraft:red_carpet":9,"minecraft:beef":16,"minecraft:iron_ingot":1,"minecraft:oak_boat":3,"minecraft:sugar_cane":38,"minecraft:furnace":3,"minecraft:book":36,"minecraft:golden_helmet":1,"minecraft:raw_iron":29,"minecraft:cooked_porkchop":3,"minecraft:dripstone_block":1,"minecraft:porkchop":17,"minecraft:pointed_dripstone":9,"minecraft:white_bed":4,"minecraft:emerald":2,"minecraft:oak_sapling":1,"minecraft:black_wool":1,"minecraft:mutton":13,"minecraft:coal":106,"minecraft:white_wool":7,"minecraft:cobblestone":42},"minecraft:used":{"minecraft:water_bucket":17,"minecraft:stone_sword":58,"minecraft:flint_and_steel":1,"minecraft:stone_pickaxe":77,"minecraft:shield":47,"minecraft:wooden_pickaxe":51,"minecraft:wooden_shovel":8,"minecraft:torch":2,"minecraft:dirt":22,"minecraft:mutton":5,"minecraft:crafting_table":5,"minecraft:white_bed":4,"minecraft:lava_bucket":11,"minecraft:iron_pickaxe":14,"minecraft:iron_boots":1,"minecraft:basalt":7,"minecraft:stone_axe":59,"minecraft:beef":3,"minecraft:furnace":3,"minecraft:cooked_porkchop":2,"minecraft:bucket":28,"minecraft:oak_boat":3,"minecraft:cooked_beef":10},"minecraft:killed":{"minecraft:pig":6,"minecraft:vindicator":4,"minecraft:spider":2,"minecraft:sheep":8,"minecraft:skeleton":4,"minecraft:zombie":2,"minecraft:cow":8},"minecraft:dropped":{"minecraft:golden_helmet":2,"minecraft:red_carpet":9,"minecraft:gunpowder":1,"minecraft:oak_sapling":1},"minecraft:crafted":{"minecraft:cooked_beef":10,"minecraft:oak_planks":48,"minecraft:wooden_shovel":1,"minecraft:cooked_porkchop":4,"minecraft:crafting_table":1,"minecraft:wooden_pickaxe":1,"minecraft:iron_helmet":1,"minecraft:furnace":2,"minecraft:bucket":1,"minecraft:stone_axe":1,"minecraft:air":0,"minecraft:flint_and_steel":1,"minecraft:oak_boat":1,"minecraft:iron_boots":1,"minecraft:shield":1,"minecraft:stick":12,"minecraft:iron_ingot":18,"minecraft:iron_pickaxe":1,"minecraft:stone_pickaxe":1,"minecraft:stone_sword":1,"minecraft:white_bed":1,"minecraft:torch":4}},"DataVersion":3465}