{"stats":{"minecraft:custom":{"minecraft:time_since_rest":11052,"minecraft:interact_with_furnace":1,"minecraft:sprint_one_cm":86011,"minecraft:damage_taken":120,"minecraft:walk_one_cm":33024,"minecraft:mob_kills":20,"minecraft:damage_dealt":1839,"minecraft:swim_one_cm":2474,"minecraft:interact_with_crafting_table":6,"minecraft:fly_one_cm":114352,"minecraft:open_chest":2,"minecraft:crouch_one_cm":1777,"minecraft:play_time":18238,"minecraft:sneak_time":1966,"minecraft:walk_under_water_one_cm":112,"minecraft:boat_one_cm":26673,"minecraft:jump":501,"minecraft:walk_on_water_one_cm":1315,"minecraft:time_since_death":18238,"minecraft:sleep_in_bed":1,"minecraft:total_world_time":18238,"minecraft:fall_one_cm":14139},"minecraft:mined":{"minecraft:white_bed":1,"minecraft:furnace":1,"minecraft:iron_ore":8,"minecraft:crafting_table":3,"minecraft:grass":3,"minecraft:oak_log":12,"minecraft:grass_block":3,"minecraft:coal_ore":38,"minecraft:dirt":6,"minecraft:stone":17,"minecraft:sugar_cane":4,"minecraft:oak_leaves":9},"minecraft:picked_up":{"minecraft:raw_iron":16,"minecraft:crafting_table":4,"minecraft:leather":5,"minecraft:porkchop":12,"minecraft:oak_log":12,"minecraft:white_bed":1,"minecraft:dirt":9,"minecraft:beef":13,"minecraft:oak_boat":1,"minecraft:oak_sapling":1,"minecraft:sugar_cane":6,"minecraft:black_wool":1,"minecraft:mutton":13,"minecraft:coal":75,"minecraft:white_wool":7,"minecraft:cobblestone":17,"minecraft:furnace":1},"minecraft:used":{"minecraft:stone_sword":3,"minecraft:stone_pickaxe":23,"minecraft:wooden_pickaxe":42,"minecraft:wooden_shovel":8,"minecraft:stone_axe":34,"minecraft:mutton":5,"minecraft:beef":3,"minecraft:crafting_table":4,"minecraft:furnace":1,"minecraft:oak_boat":1,"minecraft:white_bed":1},"minecraft:killed":{"minecraft:sheep":8,"minecraft:pig":6,"minecraft:cow":6},"minecraft:crafted":{"minecraft:oak_boat":1,"minecraft:oak_planks":48,"minecraft:wooden_shovel":1,"minecraft:crafting_table":1,"minecraft:stick":12,"minecraft:wooden_pickaxe":1,"minecraft:stone_pickaxe":1,"minecraft:stone_sword":1,"minecraft:furnace":1,"minecraft:white_bed":1,"minecraft:stone_axe":1}},"DataVersion":3465}