{"stats":{"minecraft:custom":{"minecraft:interact_with_furnace":19,"minecraft:mob_kills":22,"minecraft:interact_with_crafting_table":13,"minecraft:time_since_death":30238,"minecraft:sleep_in_bed":2,"minecraft:time_since_rest":10852,"minecraft:sprint_one_cm":142591,"minecraft:damage_taken":140,"minecraft:walk_one_cm":49238,"minecraft:drop":2,"minecraft:damage_dealt":2039,"minecraft:swim_one_cm":17898,"minecraft:fly_one_cm":190510,"minecraft:open_chest":2,"minecraft:crouch_one_cm":2537,"minecraft:play_time":30238,"minecraft:sneak_time":2479,"minecraft:walk_under_water_one_cm":4145,"minecraft:boat_one_cm":26673,"minecraft:jump":782,"minecraft:walk_on_water_one_cm":8630,"minecraft:total_world_time":30238,"minecraft:fall_one_cm":21628},"minecraft:mined":{"minecraft:white_bed":2,"minecraft:crafting_table":4,"minecraft:grass_block":5,"minecraft:sugar_cane":16,"minecraft:furnace":3,"minecraft:iron_ore":20,"minecraft:grass":5,"minecraft:coal_ore":38,"minecraft:pointed_dripstone":7,"minecraft:oak_log":12,"minecraft:dirt":7,"minecraft:dripstone_block":1,"minecraft:stone":24,"minecraft:oak_leaves":10},"minecraft:picked_up":{"minecraft:crafting_table":5,"minecraft:leather":7,"minecraft:oak_log":12,"minecraft:dirt":12,"minecraft:beef":16,"minecraft:iron_ingot":1,"minecraft:oak_boat":1,"minecraft:sugar_cane":32,"minecraft:furnace":3,"minecraft:golden_helmet":1,"minecraft:raw_iron":29,"minecraft:cooked_porkchop":3,"minecraft:dripstone_block":1,"minecraft:porkchop":17,"minecraft:pointed_dripstone":9,"minecraft:white_bed":2,"minecraft:oak_sapling":1,"minecraft:black_wool":1,"minecraft:mutton":13,"minecraft:coal":106,"minecraft:white_wool":7,"minecraft:cobblestone":24},"minecraft:used":{"minecraft:stone_sword":11,"minecraft:stone_pickaxe":52,"minecraft:wooden_pickaxe":46,"minecraft:wooden_shovel":8,"minecraft:dirt":9,"minecraft:mutton":5,"minecraft:crafting_table":5,"minecraft:white_bed":2,"minecraft:iron_pickaxe":5,"minecraft:iron_boots":1,"minecraft:stone_axe":35,"minecraft:beef":3,"minecraft:furnace":3,"minecraft:bucket":1,"minecraft:oak_boat":1,"minecraft:cooked_beef":2},"minecraft:killed":{"minecraft:pig":6,"minecraft:sheep":8,"minecraft:cow":8},"minecraft:dropped":{"minecraft:golden_helmet":2},"minecraft:crafted":{"minecraft:cooked_beef":10,"minecraft:oak_planks":48,"minecraft:wooden_shovel":1,"minecraft:cooked_porkchop":4,"minecraft:crafting_table":1,"minecraft:wooden_pickaxe":1,"minecraft:iron_helmet":1,"minecraft:furnace":2,"minecraft:bucket":1,"minecraft:stone_axe":1,"minecraft:air":0,"minecraft:oak_boat":1,"minecraft:iron_boots":1,"minecraft:shield":1,"minecraft:stick":12,"minecraft:iron_ingot":18,"minecraft:iron_pickaxe":1,"minecraft:stone_pickaxe":1,"minecraft:stone_sword":1,"minecraft:white_bed":1}},"DataVersion":3465}