{"stats":{"minecraft:custom":{"minecraft:time_since_rest":6238,"minecraft:crouch_one_cm":1023,"minecraft:play_time":6238,"minecraft:sprint_one_cm":18105,"minecraft:damage_taken":40,"minecraft:walk_one_cm":5830,"minecraft:sneak_time":1479,"minecraft:jump":74,"minecraft:time_since_death":6238,"minecraft:total_world_time":6238,"minecraft:fall_one_cm":2242,"minecraft:interact_with_crafting_table":3,"minecraft:fly_one_cm":13234},"minecraft:mined":{"minecraft:coal_ore":25,"minecraft:grass_block":3,"minecraft:oak_log":12,"minecraft:dirt":6,"minecraft:stone":16,"minecraft:crafting_table":1,"minecraft:oak_leaves":9},"minecraft:picked_up":{"minecraft:crafting_table":1,"minecraft:oak_log":12,"minecraft:oak_sapling":1,"minecraft:coal":25,"minecraft:dirt":9,"minecraft:cobblestone":16},"minecraft:used":{"minecraft:stone_axe":3,"minecraft:crafting_table":1,"minecraft:wooden_pickaxe":42,"minecraft:wooden_shovel":8},"minecraft:crafted":{"minecraft:stone_sword":1,"minecraft:oak_planks":48,"minecraft:wooden_shovel":1,"minecraft:stone_axe":1,"minecraft:crafting_table":1,"minecraft:stick":12,"minecraft:stone_pickaxe":1,"minecraft:wooden_pickaxe":1}},"DataVersion":3465}