{"stats":{"minecraft:custom":{"minecraft:interact_with_furnace":16,"minecraft:mob_kills":55,"minecraft:interact_with_crafting_table":10,"minecraft:time_since_death":31361,"minecraft:sleep_in_bed":2,"minecraft:time_since_rest":10852,"minecraft:sprint_one_cm":134112,"minecraft:damage_taken":485,"minecraft:walk_one_cm":27082,"minecraft:drop":4,"minecraft:damage_dealt":6249,"minecraft:swim_one_cm":25674,"minecraft:talked_to_villager":1,"minecraft:fly_one_cm":290867,"minecraft:crouch_one_cm":10706,"minecraft:play_time":31361,"minecraft:sneak_time":3746,"minecraft:walk_under_water_one_cm":4302,"minecraft:boat_one_cm":24459,"minecraft:jump":1368,"minecraft:walk_on_water_one_cm":4222,"minecraft:total_world_time":31361,"minecraft:fall_one_cm":35162},"minecraft:mined":{"minecraft:white_bed":2,"minecraft:crafting_table":5,"minecraft:grass_block":3,"minecraft:tall_grass":2,"minecraft:cobblestone":4,"minecraft:sugar_cane":12,"minecraft:furnace":3,"minecraft:iron_ore":6,"minecraft:andesite":1,"minecraft:grass":4,"minecraft:oak_log":11,"minecraft:coal_ore":31,"minecraft:dirt":10,"minecraft:stone":51},"minecraft:picked_up":{"minecraft:crafting_table":4,"minecraft:andesite":3,"minecraft:leather":27,"minecraft:lead":1,"minecraft:wooden_pickaxe":1,"minecraft:oak_log":11,"minecraft:dirt":7,"minecraft:beef":56,"minecraft:oak_boat":1,"minecraft:sugar_cane":29,"minecraft:oak_planks":14,"minecraft:furnace":3,"minecraft:stick":1,"minecraft:raw_iron":6,"minecraft:cooked_porkchop":1,"minecraft:porkchop":37,"minecraft:white_bed":2,"minecraft:mutton":17,"minecraft:coal":33,"minecraft:white_wool":10,"minecraft:cobblestone":55},"minecraft:used":{"minecraft:water_bucket":5,"minecraft:stone_sword":22,"minecraft:stone_shovel":7,"minecraft:stone_pickaxe":67,"minecraft:wooden_pickaxe":32,"minecraft:torch":4,"minecraft:dirt":7,"minecraft:mutton":3,"minecraft:crafting_table":4,"minecraft:white_bed":2,"minecraft:stone_axe":70,"minecraft:cobblestone":25,"minecraft:porkchop":2,"minecraft:furnace":3,"minecraft:cooked_porkchop":8,"minecraft:andesite":3,"minecraft:bucket":6,"minecraft:oak_boat":1},"minecraft:killed":{"minecraft:pig":15,"minecraft:wandering_trader":1,"minecraft:sheep":10,"minecraft:trader_llama":1,"minecraft:zombie":2,"minecraft:cow":26},"minecraft:dropped":{"minecraft:lead":1,"minecraft:coal":2,"minecraft:wooden_pickaxe":1},"minecraft:crafted":{"minecraft:oak_planks":44,"minecraft:stone_shovel":1,"minecraft:cooked_porkchop":18,"minecraft:crafting_table":1,"minecraft:wooden_pickaxe":1,"minecraft:furnace":2,"minecraft:bucket":1,"minecraft:stone_axe":1,"minecraft:air":0,"minecraft:oak_boat":1,"minecraft:stick":12,"minecraft:iron_ingot":6,"minecraft:iron_pickaxe":1,"minecraft:stone_pickaxe":1,"minecraft:stone_sword":1,"minecraft:white_bed":1,"minecraft:torch":4}},"DataVersion":3465}