{"stats":{"minecraft:custom":{"minecraft:time_since_rest":7361,"minecraft:sprint_one_cm":17474,"minecraft:walk_one_cm":7435,"minecraft:mob_kills":20,"minecraft:drop":3,"minecraft:damage_dealt":1940,"minecraft:interact_with_crafting_table":4,"minecraft:fly_one_cm":34378,"minecraft:crouch_one_cm":4675,"minecraft:play_time":7361,"minecraft:sneak_time":1718,"minecraft:jump":162,"minecraft:time_since_death":7361,"minecraft:total_world_time":7361,"minecraft:fall_one_cm":4685},"minecraft:mined":{"minecraft:crafting_table":1,"minecraft:grass":2,"minecraft:grass_block":2,"minecraft:oak_log":6,"minecraft:dirt":8,"minecraft:tall_grass":1,"minecraft:stone":32},"minecraft:picked_up":{"minecraft:crafting_table":1,"minecraft:leather":7,"minecraft:wooden_pickaxe":1,"minecraft:porkchop":18,"minecraft:oak_log":6,"minecraft:dirt":4,"minecraft:beef":16,"minecraft:mutton":5,"minecraft:coal":2,"minecraft:white_wool":3,"minecraft:cobblestone":32},"minecraft:used":{"minecraft:stone_shovel":7,"minecraft:wooden_pickaxe":32,"minecraft:stone_axe":27,"minecraft:dirt":4,"minecraft:crafting_table":1},"minecraft:killed":{"minecraft:sheep":3,"minecraft:pig":9,"minecraft:cow":8},"minecraft:dropped":{"minecraft:wooden_pickaxe":1,"minecraft:coal":2},"minecraft:crafted":{"minecraft:oak_planks":24,"minecraft:stone_shovel":1,"minecraft:crafting_table":1,"minecraft:stick":12,"minecraft:wooden_pickaxe":1,"minecraft:stone_pickaxe":1,"minecraft:stone_sword":1,"minecraft:stone_axe":1}},"DataVersion":3465}