{"stats":{"minecraft:custom":{"minecraft:time_since_rest":11052,"minecraft:interact_with_furnace":13,"minecraft:sprint_one_cm":68579,"minecraft:damage_taken":285,"minecraft:walk_one_cm":19562,"minecraft:mob_kills":42,"minecraft:drop":3,"minecraft:damage_dealt":4389,"minecraft:swim_one_cm":7215,"minecraft:interact_with_crafting_table":6,"minecraft:fly_one_cm":159443,"minecraft:crouch_one_cm":10536,"minecraft:play_time":19361,"minecraft:sneak_time":3717,"minecraft:walk_under_water_one_cm":1261,"minecraft:jump":682,"minecraft:walk_on_water_one_cm":1102,"minecraft:time_since_death":19361,"minecraft:sleep_in_bed":1,"minecraft:total_world_time":19361,"minecraft:fall_one_cm":18244},"minecraft:mined":{"minecraft:white_bed":1,"minecraft:furnace":2,"minecraft:iron_ore":6,"minecraft:andesite":1,"minecraft:crafting_table":3,"minecraft:grass":3,"minecraft:coal_ore":31,"minecraft:grass_block":2,"minecraft:oak_log":11,"minecraft:dirt":8,"minecraft:tall_grass":2,"minecraft:cobblestone":4,"minecraft:stone":48,"minecraft:sugar_cane":7},"minecraft:picked_up":{"minecraft:raw_iron":6,"minecraft:crafting_table":2,"minecraft:cooked_porkchop":1,"minecraft:andesite":3,"minecraft:leather":14,"minecraft:wooden_pickaxe":1,"minecraft:porkchop":37,"minecraft:oak_log":11,"minecraft:white_bed":1,"minecraft:dirt":4,"minecraft:beef":34,"minecraft:oak_planks":14,"minecraft:sugar_cane":17,"minecraft:mutton":17,"minecraft:coal":33,"minecraft:white_wool":10,"minecraft:cobblestone":52,"minecraft:furnace":2},"minecraft:used":{"minecraft:stone_sword":12,"minecraft:stone_pickaxe":62,"minecraft:stone_shovel":7,"minecraft:wooden_pickaxe":32,"minecraft:torch":4,"minecraft:stone_axe":55,"minecraft:cobblestone":25,"minecraft:dirt":4,"minecraft:mutton":3,"minecraft:crafting_table":2,"minecraft:furnace":3,"minecraft:cooked_porkchop":4,"minecraft:andesite":3,"minecraft:white_bed":1},"minecraft:killed":{"minecraft:sheep":10,"minecraft:zombie":2,"minecraft:pig":15,"minecraft:cow":15},"minecraft:dropped":{"minecraft:wooden_pickaxe":1,"minecraft:coal":2},"minecraft:crafted":{"minecraft:oak_planks":44,"minecraft:stone_shovel":1,"minecraft:cooked_porkchop":18,"minecraft:crafting_table":1,"minecraft:stick":12,"minecraft:wooden_pickaxe":1,"minecraft:stone_pickaxe":1,"minecraft:stone_sword":1,"minecraft:furnace":2,"minecraft:white_bed":1,"minecraft:torch":4,"minecraft:stone_axe":1,"minecraft:air":0}},"DataVersion":3465}