{"stats":{"minecraft:broken":{"minecraft:stone_axe":1},"minecraft:custom":{"minecraft:interact_with_furnace":16,"minecraft:mob_kills":58,"minecraft:interact_with_crafting_table":11,"minecraft:leave_game":1,"minecraft:time_since_death":35796,"minecraft:sleep_in_bed":3,"minecraft:time_since_rest":2317,"minecraft:sprint_one_cm":161579,"minecraft:damage_taken":625,"minecraft:walk_one_cm":29577,"minecraft:drop":4,"minecraft:damage_dealt":6549,"minecraft:swim_one_cm":25674,"minecraft:talked_to_villager":1,"minecraft:fly_one_cm":345425,"minecraft:crouch_one_cm":10706,"minecraft:play_time":35796,"minecraft:sneak_time":3746,"minecraft:walk_under_water_one_cm":4302,"minecraft:boat_one_cm":39167,"minecraft:jump":1589,"minecraft:walk_on_water_one_cm":5589,"minecraft:total_world_time":35796,"minecraft:fall_one_cm":42307},"minecraft:mined":{"minecraft:white_bed":3,"minecraft:crafting_table":6,"minecraft:grass_block":3,"minecraft:tall_grass":2,"minecraft:cobblestone":4,"minecraft:sugar_cane":22,"minecraft:furnace":3,"minecraft:iron_ore":6,"minecraft:andesite":1,"minecraft:grass":5,"minecraft:oak_log":11,"minecraft:coal_ore":31,"minecraft:dirt":10,"minecraft:stone":51},"minecraft:picked_up":{"minecraft:crafting_table":5,"minecraft:andesite":3,"minecraft:leather":29,"minecraft:lead":1,"minecraft:wooden_pickaxe":1,"minecraft:oak_log":11,"minecraft:dirt":7,"minecraft:beef":61,"minecraft:oak_boat":3,"minecraft:sugar_cane":48,"minecraft:oak_planks":14,"minecraft:furnace":3,"minecraft:stick":1,"minecraft:raw_iron":6,"minecraft:cooked_porkchop":1,"minecraft:porkchop":37,"minecraft:white_bed":3,"minecraft:mutton":17,"minecraft:coal":33,"minecraft:white_wool":10,"minecraft:cobblestone":55},"minecraft:used":{"minecraft:water_bucket":9,"minecraft:stone_sword":22,"minecraft:stone_shovel":7,"minecraft:stone_pickaxe":67,"minecraft:wooden_pickaxe":32,"minecraft:torch":4,"minecraft:dirt":7,"minecraft:mutton":3,"minecraft:crafting_table":5,"minecraft:white_bed":3,"minecraft:stone_axe":78,"minecraft:cobblestone":25,"minecraft:porkchop":2,"minecraft:furnace":3,"minecraft:cooked_porkchop":10,"minecraft:andesite":3,"minecraft:bucket":10,"minecraft:oak_boat":3},"minecraft:killed":{"minecraft:pig":15,"minecraft:wandering_trader":1,"minecraft:sheep":10,"minecraft:trader_llama":1,"minecraft:zombie":2,"minecraft:cow":29},"minecraft:dropped":{"minecraft:lead":1,"minecraft:coal":2,"minecraft:wooden_pickaxe":1},"minecraft:crafted":{"minecraft:oak_planks":44,"minecraft:stone_shovel":1,"minecraft:cooked_porkchop":18,"minecraft:crafting_table":1,"minecraft:wooden_pickaxe":1,"minecraft:furnace":2,"minecraft:bucket":1,"minecraft:stone_axe":2,"minecraft:air":0,"minecraft:oak_boat":1,"minecraft:stick":16,"minecraft:iron_ingot":6,"minecraft:iron_pickaxe":1,"minecraft:stone_pickaxe":1,"minecraft:stone_sword":1,"minecraft:white_bed":1,"minecraft:torch":4}},"DataVersion":3465}